Date,Route,Rating,Notes,URL,Pitches,Location,"Avg Stars","Your Stars",Style,"Lead Style","Route Type","Your Rating",Length
2018-08-29,"Parallel Passages",5.10b/c,,https://www.mountainproject.com/route/107805195/parallel-passages,5,"The North Walls > The Chief > Squamish > British Columbia > Canada > North America > International",2.8,-1,Lead,Onsight,Trad,,1000
2018-08-19,"City Park",5.13d,"Pitch one, Aid",https://www.mountainproject.com/route/106328525/city-park,1,"Main Wall, left side > Lower Town Wall > Index > Skykomish Valley > Central-West Cascades & Seattle > Washington",3.3,-1,,,Trad,,350
2018-08-10,"Kite Flying Blind",5.11c,"Onsighted P2. Stupid slip following P1 :&#39;(",https://www.mountainproject.com/route/106052910/kite-flying-blind,2,"The Country > The Country Area > Index > Skykomish Valley > Central-West Cascades & Seattle > Washington",3.7,-1,Lead,Fell/Hung,Sport,,200
2018-08-10,"Climax Control",5.11b/c,,https://www.mountainproject.com/route/105805759/climax-control,1,"The Country > The Country Area > Index > Skykomish Valley > Central-West Cascades & Seattle > Washington",3.3,3,Lead,Onsight,Sport,5.11b,
2018-08-10,Zoom,5.10d,"Shockingly good brassies ",https://www.mountainproject.com/route/106054444/zoom,1,"The Country > The Country Area > Index > Skykomish Valley > Central-West Cascades & Seattle > Washington",3.6,-1,Lead,Onsight,Trad,,80
2018-08-10,"Leave My Face Alone",5.11a,,https://www.mountainproject.com/route/106171282/leave-my-face-alone,1,"The Country > The Country Area > Index > Skykomish Valley > Central-West Cascades & Seattle > Washington",3.2,-1,Lead,Onsight,Sport,,90
2018-08-10,"Aries (aka The Lizard)",5.8+,"1 pitch to the top of Libre Crack. A dumb way to do it, if you were wondering.",https://www.mountainproject.com/route/105793821/aries-aka-the-lizard,1,"Great Northern Slab > Lower Town Wall > Index > Skykomish Valley > Central-West Cascades & Seattle > Washington",3.0,-1,Lead,Redpoint,Trad,,250
2018-08-10,"Princely Ambitions",5.9,,https://www.mountainproject.com/route/105790710/princely-ambitions,2,"Main Wall, left side > Lower Town Wall > Index > Skykomish Valley > Central-West Cascades & Seattle > Washington",3.6,-1,Lead,Redpoint,Trad,,
2018-08-09,"City Park",5.13d,"pitch 2",https://www.mountainproject.com/route/106328525/city-park,1,"Main Wall, left side > Lower Town Wall > Index > Skykomish Valley > Central-West Cascades & Seattle > Washington",3.3,-1,Lead,Onsight,Trad,,350
2018-08-09,Godzilla,5.9,,https://www.mountainproject.com/route/105790717/godzilla,1,"Main Wall, left side > Lower Town Wall > Index > Skykomish Valley > Central-West Cascades & Seattle > Washington",3.7,-1,Lead,Onsight,Trad,,
2018-08-09,"Slow Children",5.10d,,https://www.mountainproject.com/route/105815743/slow-children,1,"Main Wall, left side > Lower Town Wall > Index > Skykomish Valley > Central-West Cascades & Seattle > Washington",3.9,-1,Lead,Onsight,Trad,,100
2018-08-09,"Tommy's Sandbox",5.11-,,https://www.mountainproject.com/route/107720333/tommys-sandbox,1,"Main Wall, left side > Lower Town Wall > Index > Skykomish Valley > Central-West Cascades & Seattle > Washington",3.6,-1,Lead,Onsight,Trad,,1151
2018-08-06,Rutabaga,5.11a,,https://www.mountainproject.com/route/106018903/rutabaga,2,"Grand Wall Base Area > The Chief > Squamish > British Columbia > Canada > North America > International",3.5,-1,Lead,Onsight,Trad,,
2018-08-06,"Seasoned in the Sun",5.10-,,https://www.mountainproject.com/route/105979707/seasoned-in-the-sun,1,"Grand Wall Base Area > The Chief > Squamish > British Columbia > Canada > North America > International",3.6,-1,Lead,Onsight,Trad,,95
2018-08-06,Exasperator,5.10c,"Linked! Awesome climb!",https://www.mountainproject.com/route/105806955/exasperator,1,"Grand Wall Base Area > The Chief > Squamish > British Columbia > Canada > North America > International",4.0,-1,Lead,Onsight,Trad,,150
2018-08-05,Freeway,5.11c,"2 whips: roof pitch, and mini-deck onto sloping ledge on last 11a thin pitch",https://www.mountainproject.com/route/105805906/freeway,9,"The Dihedrals > The Chief > Squamish > British Columbia > Canada > North America > International",3.9,-1,Lead,Fell/Hung,Trad,,
2018-08-02,"Slot Machine",5.8+,"super secure and fun!",https://www.mountainproject.com/route/105842934/slot-machine,1,"Bulletheads South > The Bulletheads > The Chief > Squamish > British Columbia > Canada > North America > International",3.3,-1,Solo,,Trad,,300
2018-08-02,"Fantastic Mr. Fox",V7,,https://www.mountainproject.com/route/114806600/fantastic-mr-fox,1,"Fantastic Mr. Fox Boulders > Gonzales Creek > Squamish > British Columbia > Canada > North America > International",3.0,3,,,Boulder,V7,8
2018-08-01,"Krimo Gold",5.10d,"excellent bottom to top!!",https://www.mountainproject.com/route/109150168/krimo-gold,3,"Bulletheads, Central > The Bulletheads > The Chief > Squamish > British Columbia > Canada > North America > International",3.6,-1,Lead,Onsight,Trad,,185
2018-07-30,"New Life",5.11b,,https://www.mountainproject.com/route/107766503/new-life,4,"The North Walls > The Chief > Squamish > British Columbia > Canada > North America > International",3.2,-1,Lead,Onsight,Trad,,350
2018-07-27,"Claim Jumper",5.11d,,https://www.mountainproject.com/route/106070768/claim-jumper,1,"Nightmare Rock > Murrin Park > Squamish > British Columbia > Canada > North America > International",3.1,-1,Lead,Redpoint,Trad,,120
2018-07-27,"Partners In Crime",5.11a,,https://www.mountainproject.com/route/105842844/partners-in-crime,1,"Penny Lane > The Smoke Bluffs > Squamish > British Columbia > Canada > North America > International",3.5,-1,Lead,Onsight,Trad,,100
2018-07-27,"Penny Lane",5.9,,https://www.mountainproject.com/route/105842825/penny-lane,1,"Penny Lane > The Smoke Bluffs > Squamish > British Columbia > Canada > North America > International",3.6,-1,Lead,Onsight,Trad,,100
2018-07-27,"Crime of the Century",5.11b/c,,https://www.mountainproject.com/route/105842838/crime-of-the-century,1,"Penny Lane > The Smoke Bluffs > Squamish > British Columbia > Canada > North America > International",3.8,-1,Lead,Onsight,Trad,,40
2018-07-27,Quarryman,5.8,,https://www.mountainproject.com/route/105857742/quarryman,1,"Penny Lane > The Smoke Bluffs > Squamish > British Columbia > Canada > North America > International",3.1,-1,Lead,Onsight,Trad,,75
2018-07-27,"Popeye and the Raven",5.10c,,https://www.mountainproject.com/route/105858078/popeye-and-the-raven,1,"Penny Lane > The Smoke Bluffs > Squamish > British Columbia > Canada > North America > International",3.3,-1,Lead,Onsight,Sport,,70
2018-07-27,"Yorkshire Gripper",5.11b,,https://www.mountainproject.com/route/105923959/yorkshire-gripper,1,"Penny Lane > The Smoke Bluffs > Squamish > British Columbia > Canada > North America > International",3.6,-1,Lead,Onsight,Trad,,70
2018-07-26,"Tantalus Wall","5.11c C0","First half into cerberus. I found the offwidth super gnarly.",https://www.mountainproject.com/route/105880812/tantalus-wall,8,"Tantalus Wall > The Chief > Squamish > British Columbia > Canada > North America > International",3.1,-1,Lead,Fell/Hung,"Trad, Sport, Aid",,600
2018-07-25,Cerberus,5.11d,"hard AF! Would recommend south gully start, the Yosemite offwidth on Tantalus is gnarly.",https://www.mountainproject.com/route/105879165/cerberus,6,"Tantalus Wall > The Chief > Squamish > British Columbia > Canada > North America > International",3.8,4,Lead,Fell/Hung,Trad,,600
2018-07-24,"Klahanie Crack",5.7,"first real free solo",https://www.mountainproject.com/route/105947052/klahanie-crack,1,"Shannon Falls Wall > Shannon Falls > Squamish > British Columbia > Canada > North America > International",3.7,-1,Solo,,Trad,,90
2018-07-24,"Wild Turkey",5.11,,https://www.mountainproject.com/route/107175637/wild-turkey,3,"Bulletheads North > The Bulletheads > The Chief > Squamish > British Columbia > Canada > North America > International",3.5,-1,Follow,,Trad,,200
2018-07-22,"The Fuzz",V7,,https://www.mountainproject.com/route/112015928/the-fuzz,1,"(a) Campground Boulders > Grand Wall Boulders > The Chief > Squamish > British Columbia > Canada > North America > International",3.7,4,,,Boulder,,
2018-07-22,"Cruel Shoes",5.10d,"Fun and great warm-up!",https://www.mountainproject.com/route/105918292/cruel-shoes,6,"Grand Wall Area > The Chief > Squamish > British Columbia > Canada > North America > International",3.7,-1,Lead,Onsight,Trad,,600
2018-07-22,"The Grand Wall","5.11a A0","Approached via cruel shoes. Led all pitches clean onsight!!",https://www.mountainproject.com/route/105806397/the-grand-wall,5,"Grand Wall Area > The Chief > Squamish > British Columbia > Canada > North America > International",3.9,-1,Lead,Onsight,"Trad, Aid",,1000
2018-07-21,Hypertension,5.11a,soft?,https://www.mountainproject.com/route/106007127/hypertension,1,"Nightmare Rock > Murrin Park > Squamish > British Columbia > Canada > North America > International",3.6,-1,Lead,Flash,Trad,,60
2018-07-21,"Claim Jumper",5.11d,,https://www.mountainproject.com/route/106070768/claim-jumper,1,"Nightmare Rock > Murrin Park > Squamish > British Columbia > Canada > North America > International",3.1,-1,TR,,Trad,,120
2018-07-21,Perspective,5.11-,,https://www.mountainproject.com/route/106070759/perspective,1,"Nightmare Rock > Murrin Park > Squamish > British Columbia > Canada > North America > International",3.8,-1,Lead,Onsight,Trad,,130
2018-07-20,"Angel's Crest",5.10b,"Into High Plains Drifter",https://www.mountainproject.com/route/105847203/angels-crest,10,"The Sheriff's Badge > The Chief > Squamish > British Columbia > Canada > North America > International",3.5,-1,Lead,Onsight,Trad,,
2018-07-20,"High Plains Drifter",5.11c,,https://www.mountainproject.com/route/106109412/high-plains-drifter,3,"The Sheriff's Badge > The Chief > Squamish > British Columbia > Canada > North America > International",4.0,4,Lead,Flash,Trad,,250
2018-07-18,"Calculus Direct",5.9,,https://www.mountainproject.com/route/109399403/calculus-direct,4,"The Apron > The Chief > Squamish > British Columbia > Canada > North America > International",2.6,-1,Lead,Onsight,Trad,,250
2018-07-17,Crackhead,V3,,https://www.mountainproject.com/route/111519266/crackhead,1,"(i) Lip-Smack > Grand Wall Boulders > The Chief > Squamish > British Columbia > Canada > North America > International",3.8,4,Lead,Flash,Boulder,,
2018-07-17,"Easy in an Easy Chair",V4,"Super overrated ",https://www.mountainproject.com/route/106028730/easy-in-an-easy-chair,1,"(n) Easy Chair > Grand Wall Boulders > The Chief > Squamish > British Columbia > Canada > North America > International",3.4,2,,,Boulder,,
2018-07-17,"Super Fly Slab",V0,,https://www.mountainproject.com/route/108505799/super-fly-slab,1,"(k) Superfly > Grand Wall Boulders > The Chief > Squamish > British Columbia > Canada > North America > International",2.7,-1,,,Boulder,,
2018-07-17,Superfly,V4,,https://www.mountainproject.com/route/106034519/superfly,1,"(k) Superfly > Grand Wall Boulders > The Chief > Squamish > British Columbia > Canada > North America > International",3.6,-1,,,Boulder,,
2018-07-17,"Milk Road","5.11a C0",,https://www.mountainproject.com/route/106999446/milk-road,9,"Tantalus Wall > The Chief > Squamish > British Columbia > Canada > North America > International",3.2,-1,Lead,Onsight,"Trad, Aid",,1000
2018-07-15,"March Of The Kitchen Utensils",5.9,,https://www.mountainproject.com/route/107621883/march-of-the-kitchen-utensils,1,"Cirque of the Uncrackables > The Chief > Squamish > British Columbia > Canada > North America > International",3.3,-1,Lead,Redpoint,Trad,,110
2018-07-15,"Boogie 'til you Puke",5.11b,"1 fall!",https://www.mountainproject.com/route/107751602/boogie-til-you-puke,1,"Cirque of the Uncrackables > The Chief > Squamish > British Columbia > Canada > North America > International",3.9,-1,TR,,Trad,,130
2018-07-15,"Bop 'til You Drop",5.10b/c,,https://www.mountainproject.com/route/107621848/bop-til-you-drop,1,"Cirque of the Uncrackables > The Chief > Squamish > British Columbia > Canada > North America > International",3.7,-1,Lead,Redpoint,Trad,,110
2018-07-14,"Rainy Day Dream Away",5.10c,,https://www.mountainproject.com/route/105842909/rainy-day-dream-away,1,"Campground Wall > The Bulletheads > The Chief > Squamish > British Columbia > Canada > North America > International",3.7,4,Lead,Redpoint,Trad,,130
2018-07-14,"A Pitch In Time",5.10b,"Extension is money!",https://www.mountainproject.com/route/105842913/a-pitch-in-time,1,"Campground Wall > The Bulletheads > The Chief > Squamish > British Columbia > Canada > North America > International",3.1,4,Lead,Redpoint,Trad,,30
2018-07-14,Superdyke,V3,"Hard as shit",https://www.mountainproject.com/route/110653275/superdyke,1,"(n) Easy Chair > Grand Wall Boulders > The Chief > Squamish > British Columbia > Canada > North America > International",3.1,-1,,,Boulder,,
2018-07-14,"Dyke Surfer",V0,,https://www.mountainproject.com/route/108505822/dyke-surfer,1,"(n) Easy Chair > Grand Wall Boulders > The Chief > Squamish > British Columbia > Canada > North America > International",2.9,-1,,,Boulder,,
2018-07-12,"Beached Whale",V3,,https://www.mountainproject.com/route/113011857/beached-whale,2,"The Beach > ** Bouldering in Tumwater Canyon > Tumwater Canyon > Central-East Cascades, Wenatchee, & Leavenworth > Washington",3.7,-1,,,Boulder,,20
2018-07-12,Brickwork,V0,,https://www.mountainproject.com/route/112034786/brickwork,1,"The Beach > ** Bouldering in Tumwater Canyon > Tumwater Canyon > Central-East Cascades, Wenatchee, & Leavenworth > Washington",3.3,4,,,Boulder,,10
2018-07-12,"The Wave",V1,,https://www.mountainproject.com/route/112172968/the-wave,1,"The Beach > ** Bouldering in Tumwater Canyon > Tumwater Canyon > Central-East Cascades, Wenatchee, & Leavenworth > Washington",2.7,-1,,,Boulder,,12
2018-07-12,"Beach slab",V1,,https://www.mountainproject.com/route/106585615/beach-slab,1,"The Beach > ** Bouldering in Tumwater Canyon > Tumwater Canyon > Central-East Cascades, Wenatchee, & Leavenworth > Washington",3.4,-1,,,Boulder,,
2018-07-12,"Beach Arete",V2,,https://www.mountainproject.com/route/108387840/beach-arete,2,"The Beach > ** Bouldering in Tumwater Canyon > Tumwater Canyon > Central-East Cascades, Wenatchee, & Leavenworth > Washington",3.8,4,,,Boulder,,15
2018-07-12,"Dyno 101",V3,,https://www.mountainproject.com/route/106288705/dyno-101,1,"The Beach > ** Bouldering in Tumwater Canyon > Tumwater Canyon > Central-East Cascades, Wenatchee, & Leavenworth > Washington",3.4,-1,,,Boulder,,
2018-07-12,"Footless Traverse",V5,"1st try in a couple years!",https://www.mountainproject.com/route/106551257/footless-traverse,1,"Campus Traverse > Swiftwater Boulders > ** Bouldering in Tumwater Canyon > Tumwater Canyon > Central-East Cascades, Wenatchee, & Leavenworth > Washington",3.5,-1,,,Boulder,,20
2018-07-12,"Royal Flush",V2,"Simply incredible!",https://www.mountainproject.com/route/108292021/royal-flush,2,"Royal Flush > Swiftwater Boulders > ** Bouldering in Tumwater Canyon > Tumwater Canyon > Central-East Cascades, Wenatchee, & Leavenworth > Washington",3.8,4,,,Boulder,,15
2018-07-12,"The Prey",V0,,https://www.mountainproject.com/route/106527774/the-prey,1,"Other routes > Swiftwater picnic area > Swiftwater Boulders > ** Bouldering in Tumwater Canyon > Tumwater Canyon > Central-East Cascades, Wenatchee, & Leavenworth > Washington",1.9,-1,,,Boulder,,
2018-07-12,Schisthead,V2,,https://www.mountainproject.com/route/106527758/schisthead,1,"Other routes > Swiftwater picnic area > Swiftwater Boulders > ** Bouldering in Tumwater Canyon > Tumwater Canyon > Central-East Cascades, Wenatchee, & Leavenworth > Washington",2.2,-1,,,Boulder,,
2018-07-11,RPM,5.10b,"Started Outer Space via first two pitches",https://www.mountainproject.com/route/111958075/rpm,2,"Snow Creek Wall > Snow Creek Area > Icicle Creek > Central-East Cascades, Wenatchee, & Leavenworth > Washington",3.5,-1,Lead,Onsight,Trad,,800
2018-07-11,"Outer Space",5.9,"Did the (very fun) RPM start!",https://www.mountainproject.com/route/105793664/outer-space,6,"Snow Creek Wall > Snow Creek Area > Icicle Creek > Central-East Cascades, Wenatchee, & Leavenworth > Washington",3.8,-1,Lead,Onsight,Trad,,700
2018-07-10,"Damnation Crack",5.9+,,https://www.mountainproject.com/route/105809780/damnation-crack,1,"Upper Castle > Castle Rock > Tumwater Canyon > Central-East Cascades, Wenatchee, & Leavenworth > Washington",3.2,-1,Lead,Onsight,Trad,,80
2018-07-10,Midway,5.6,,https://www.mountainproject.com/route/105870883/midway,3,"Upper Castle > Castle Rock > Tumwater Canyon > Central-East Cascades, Wenatchee, & Leavenworth > Washington",2.9,-1,Lead,Onsight,Trad,,
2018-07-10,Angel,5.10b,,https://www.mountainproject.com/route/105852476/angel,1,"Upper Castle > Castle Rock > Tumwater Canyon > Central-East Cascades, Wenatchee, & Leavenworth > Washington",2.7,3,Lead,Onsight,Trad,,30
2018-07-10,"South Face, Jello Tower",5.8+,Sporty!,https://www.mountainproject.com/route/105792847/south-face-jello-tower,1,"Upper Castle > Castle Rock > Tumwater Canyon > Central-East Cascades, Wenatchee, & Leavenworth > Washington",3.0,3,Lead,Onsight,Trad,,80
2018-07-09,"The Fridge Arete",V4+,,https://www.mountainproject.com/route/105802958/the-fridge-arete,1,"The Fridge > ** Bouldering in Icicle Creek > Icicle Creek > Central-East Cascades, Wenatchee, & Leavenworth > Washington",3.5,3,,,Boulder,V5,15
2018-07-09,"The Fridge Center",V4,,https://www.mountainproject.com/route/106182185/the-fridge-center,1,"The Fridge > ** Bouldering in Icicle Creek > Icicle Creek > Central-East Cascades, Wenatchee, & Leavenworth > Washington",3.6,4,,,Boulder,,
2018-07-09,"Fridge Slab",V0,,https://www.mountainproject.com/route/107602030/fridge-slab,1,"The Fridge > ** Bouldering in Icicle Creek > Icicle Creek > Central-East Cascades, Wenatchee, & Leavenworth > Washington",2.8,-1,,,Boulder,,
2018-07-09,"The Sleeping Lady","V2 X",,https://www.mountainproject.com/route/107275354/the-sleeping-lady,2,"The Sleeping Lady > ** Bouldering in Icicle Creek > Icicle Creek > Central-East Cascades, Wenatchee, & Leavenworth > Washington",3.6,4,,,Boulder,"V2 X",18
2018-07-07,"The Pocket","V4- PG13",,https://www.mountainproject.com/route/107369936/the-pocket,1,"Mad Meadows > ** Bouldering in Icicle Creek > Icicle Creek > Central-East Cascades, Wenatchee, & Leavenworth > Washington",3.6,-1,,,Boulder,,
2018-07-07,"Drugstore Cowboy",V3,,https://www.mountainproject.com/route/107352587/drugstore-cowboy,1,"Mad Meadows > ** Bouldering in Icicle Creek > Icicle Creek > Central-East Cascades, Wenatchee, & Leavenworth > Washington",3.1,-1,,,Boulder,,
2018-07-07,Swordfish,V4+,,https://www.mountainproject.com/route/107352503/swordfish,1,"Mad Meadows > ** Bouldering in Icicle Creek > Icicle Creek > Central-East Cascades, Wenatchee, & Leavenworth > Washington",2.2,-1,,,Boulder,,
2018-07-07,Flounder,V2,,https://www.mountainproject.com/route/107352457/flounder,1,"Mad Meadows > ** Bouldering in Icicle Creek > Icicle Creek > Central-East Cascades, Wenatchee, & Leavenworth > Washington",1.7,-1,,,Boulder,,
2018-07-07,"The Hueco Route",V1,"Climbed through the huecos! The natural line for sure.",https://www.mountainproject.com/route/107352608/the-hueco-route,1,"Mad Meadows > ** Bouldering in Icicle Creek > Icicle Creek > Central-East Cascades, Wenatchee, & Leavenworth > Washington",2.9,4,,,Boulder,,
2018-07-07,Pimpsqueak,V8,"Epic. By far the hardest problem I&#39;ve done. Worked the moves on TR the day before. Took three goes!",https://www.mountainproject.com/route/106577306/pimpsqueak,1,"Mad Meadows > ** Bouldering in Icicle Creek > Icicle Creek > Central-East Cascades, Wenatchee, & Leavenworth > Washington",4.0,4,Lead,,Boulder,V8,
2018-07-06,"The Pocket","V4- PG13",,https://www.mountainproject.com/route/107369936/the-pocket,1,"Mad Meadows > ** Bouldering in Icicle Creek > Icicle Creek > Central-East Cascades, Wenatchee, & Leavenworth > Washington",3.6,-1,,,Boulder,,
2018-07-06,"The Rail",V3+,,https://www.mountainproject.com/route/107369965/the-rail,1,"Mad Meadows > ** Bouldering in Icicle Creek > Icicle Creek > Central-East Cascades, Wenatchee, & Leavenworth > Washington",2.4,2,,,Boulder,,
2018-07-06,Barnacles,V1,,https://www.mountainproject.com/route/107352769/barnacles,1,"Mad Meadows > ** Bouldering in Icicle Creek > Icicle Creek > Central-East Cascades, Wenatchee, & Leavenworth > Washington",2.1,-1,,,Boulder,,
2018-07-06,"The Hueco Route",V1,,https://www.mountainproject.com/route/107352608/the-hueco-route,1,"Mad Meadows > ** Bouldering in Icicle Creek > Icicle Creek > Central-East Cascades, Wenatchee, & Leavenworth > Washington",2.9,4,,,Boulder,,
2018-07-03,"2nd Apron Center",5.7,,https://www.mountainproject.com/route/105755170/2nd-apron-center,4,"The Aprons > Mt. Evans > Alpine Rock > Colorado",2.3,-1,Lead,Onsight,"Trad, Alpine",,710
2018-06-13,"The Sauce",5.12b,"Closeish to the onsight!",https://www.mountainproject.com/route/106925412/the-sauce,1,"Undertow Wall > The Motherlode > Bald Rock Recreational Preserve (BRRP) > Red River Gorge > Kentucky",2.4,-1,Lead,Fell/Hung,Sport,,60
2018-06-13,Harvest,5.12d,,https://www.mountainproject.com/route/106417458/harvest,1,"Undertow Wall > The Motherlode > Bald Rock Recreational Preserve (BRRP) > Red River Gorge > Kentucky",3.5,-1,Lead,Fell/Hung,Sport,,85
2018-06-13,Ale-8-One,5.12b,,https://www.mountainproject.com/route/106445478/ale-8-one,1,"Undertow Wall > The Motherlode > Bald Rock Recreational Preserve (BRRP) > Red River Gorge > Kentucky",3.6,-1,Lead,Fell/Hung,Sport,,70
2018-06-12,"Table of Colors",5.13a,,https://www.mountainproject.com/route/106304964/table-of-colors,1,"Left Flank > Red River Gorge > Kentucky",3.9,-1,Lead,Fell/Hung,Sport,,80
2018-06-12,"Too Many Puppies",5.12a,,https://www.mountainproject.com/route/105893624/too-many-puppies,1,"Left Flank > Red River Gorge > Kentucky",3.6,-1,Lead,Fell/Hung,Sport,,60
2018-06-09,Boogered,5.11b,"2 tries!",https://www.mountainproject.com/route/105917603/boogered,1,"Symphony Wall > Red River Gorge > Kentucky",3.7,-1,Lead,Redpoint,Trad,,70
2018-06-08,"Hourglass Crack",5.11-,,https://www.mountainproject.com/route/112812121/hourglass-crack,1,"Fruit Wall > Miller Fork Recreational Preserve (MFRP) > Red River Gorge > Kentucky",3.7,4,Lead,Onsight,Trad,5.10d,100
2018-06-08,"Pineapple Express",5.12a,"FINALLY. About 10 tries over 2 sessions a couple years ago, one session today.",https://www.mountainproject.com/route/111288768/pineapple-express,1,"Fruit Wall > Miller Fork Recreational Preserve (MFRP) > Red River Gorge > Kentucky",3.1,2,Lead,Redpoint,Sport,,50
2018-06-07,"Slice of Spice",5.10a,,https://www.mountainproject.com/route/111157156/slice-of-spice,1,"Fruit Wall > Miller Fork Recreational Preserve (MFRP) > Red River Gorge > Kentucky",3.0,-1,Lead,Onsight,Trad,,50
2018-06-07,"Lip Service",5.11c,,https://www.mountainproject.com/route/106935993/lip-service,1,"Great Arch, The > Muir Valley > Red River Gorge > Kentucky",3.5,4,Lead,Fell/Hung,Sport,,80
2018-06-07,Abiyoyo,5.12b,,https://www.mountainproject.com/route/106978712/abiyoyo,1,"The Solarium > Muir Valley > Red River Gorge > Kentucky",3.8,-1,Lead,Redpoint,Sport,,95
2018-06-07,Banshee,5.11c,,https://www.mountainproject.com/route/106333612/banshee,1,"The Solarium > Muir Valley > Red River Gorge > Kentucky",3.9,4,Lead,Onsight,Sport,,100
2018-06-07,Bullfighter,5.12b,"First 12b onsight!",https://www.mountainproject.com/route/107060475/bullfighter,1,"The Arsenal > Muir Valley > Red River Gorge > Kentucky",3.5,-1,Lead,Onsight,Sport,,65
2018-06-07,"Bathtub Mary",5.11a,,https://www.mountainproject.com/route/106862482/bathtub-mary,1,"The Arsenal > Muir Valley > Red River Gorge > Kentucky",3.6,3,Lead,Redpoint,Sport,,70
2018-06-06,"Calypso III",5.5,,https://www.mountainproject.com/route/105919570/calypso-iii,1,"Fortress Wall > Red River Gorge > Kentucky",2.4,-1,Lead,Redpoint,Trad,,60
2018-06-06,"American Crack",5.6,,https://www.mountainproject.com/route/105889552/american-crack,1,"Fortress Wall > Red River Gorge > Kentucky",2.2,-1,Lead,Redpoint,Trad,,60
2018-06-06,"American Wall","5.5 R","Total sleeper classic. ",https://www.mountainproject.com/route/105889548/american-wall,1,"Fortress Wall > Red River Gorge > Kentucky",2.4,4,Lead,Onsight,Trad,,60
2018-06-06,"Bedtime for Bonzo",5.6,,https://www.mountainproject.com/route/105871977/bedtime-for-bonzo,2,"Fortress Wall > Red River Gorge > Kentucky",3.3,-1,Lead,Redpoint,Trad,,100
2018-06-05,"Andromeda Strain",5.9+,,https://www.mountainproject.com/route/105871982/andromeda-strain,1,"Graining Fork Nature Preserve (a.k.a. Roadside Crag) > Red River Gorge > Kentucky",3.8,4,Lead,Onsight,Trad,,100
2018-06-05,"Wild Gift",5.12c,Flail,https://www.mountainproject.com/route/105945822/wild-gift,1,"Graining Fork Nature Preserve (a.k.a. Roadside Crag) > Red River Gorge > Kentucky",3.6,-1,TR,,Sport,,50
2018-06-05,"The Return of Chris Snyder",5.11d,,https://www.mountainproject.com/route/106020821/the-return-of-chris-snyder,1,"Graining Fork Nature Preserve (a.k.a. Roadside Crag) > Red River Gorge > Kentucky",3.8,-1,Lead,Fell/Hung,Sport,,100
2018-06-05,Synchronicity,5.11a,,https://www.mountainproject.com/route/105889531/synchronicity,1,"Graining Fork Nature Preserve (a.k.a. Roadside Crag) > Red River Gorge > Kentucky",3.6,-1,Lead,Fell/Hung,Trad,,50
2018-06-05,"Pulling Pockets",5.10d,,https://www.mountainproject.com/route/105893126/pulling-pockets,1,"Graining Fork Nature Preserve (a.k.a. Roadside Crag) > Red River Gorge > Kentucky",3.2,-1,Lead,Redpoint,Sport,,50
2018-06-05,"Five Finger Discount",5.8,,https://www.mountainproject.com/route/105860747/five-finger-discount,1,"Graining Fork Nature Preserve (a.k.a. Roadside Crag) > Red River Gorge > Kentucky",3.2,-1,Lead,Redpoint,Trad,,50
2018-06-04,"Dirty Bird",5.10b,,https://www.mountainproject.com/route/111219168/dirty-bird,1,"Bird Cage Sector > The Zoo > Red River Gorge > Kentucky",2.6,-1,Lead,Onsight,Sport,,55
2018-06-04,"Eager Beaver",5.12+,"SO hard. Insane jug hauling",https://www.mountainproject.com/route/111619983/eager-beaver,1,"Bird Cage Sector > The Zoo > Red River Gorge > Kentucky",3.5,-1,Lead,Fell/Hung,Sport,,90
2018-06-04,Hippocrite,5.12a,,https://www.mountainproject.com/route/106126244/hippocrite,1,"The Old Zoo > The Zoo > Red River Gorge > Kentucky",3.6,4,Lead,Flash,Sport,,45
2018-06-04,"Scar Tissue",5.12a,"2 tries",https://www.mountainproject.com/route/106309924/scar-tissue,1,"The Old Zoo > The Zoo > Red River Gorge > Kentucky",3.4,-1,Lead,Redpoint,Sport,,45
2018-06-04,"Monkey in the Middle",5.11a,,https://www.mountainproject.com/route/106127925/monkey-in-the-middle,1,"The Old Zoo > The Zoo > Red River Gorge > Kentucky",3.4,-1,Lead,Onsight,Sport,,80
2018-05-24,P.Stachio,V4,,https://www.mountainproject.com/route/106836673/pstachio,1,"The Stache Boulder AKA Dog Walk Boulder > 500 ft. Boulder Field > West Bluff Central > West Bluff Bouldering > Devil's Lake Bouldering > Devil's Lake > Wisconsin",3.5,2,,,Boulder,,12
2018-05-24,"Super Slab",V0,,https://www.mountainproject.com/route/106528448/super-slab,5,"Super Slab Area > West Bluff Central > West Bluff Bouldering > Devil's Lake Bouldering > Devil's Lake > Wisconsin",3.7,-1,,,Boulder,,
2018-05-24,Jenga,V6,"Very very hard first move. My legs were too long to get my right foot on #excuses",https://www.mountainproject.com/route/106528413/jenga,1,"Super Slab Area > West Bluff Central > West Bluff Bouldering > Devil's Lake Bouldering > Devil's Lake > Wisconsin",3.7,4,,,Boulder,V7,
2018-05-24,"Boulder Across from Pete's Pebble",V2,"Spoooookey topout",https://www.mountainproject.com/route/106535302/boulder-across-from-petes-pebble,1,"Pete's Pebble > 500 ft. Boulder Field > West Bluff Central > West Bluff Bouldering > Devil's Lake Bouldering > Devil's Lake > Wisconsin",2.5,-1,,,Boulder,,
2018-05-24,"Trust Fund Slab",V-easy,"wavey holds",https://www.mountainproject.com/route/106488872/trust-fund-slab,3,"Hogleg/Anchorpoint boulders > West Bluff South > West Bluff Bouldering > Devil's Lake Bouldering > Devil's Lake > Wisconsin",3.1,2,,,Boulder,V0,10
2018-05-23,"Intercourse Arete",V3,,https://www.mountainproject.com/route/106488906/intercourse-arete,1,"Hogleg/Anchorpoint boulders > West Bluff South > West Bluff Bouldering > Devil's Lake Bouldering > Devil's Lake > Wisconsin",2.7,-1,,,Boulder,,10
2018-05-23,"Sticky Arete",V3,"Cool layback to compression ",https://www.mountainproject.com/route/107293602/sticky-arete,1,"West of CCC trail/Talus > East Rampart Bouldering > East Bluff Southeast > East Bluff Bouldering > Devil's Lake Bouldering > Devil's Lake > Wisconsin",2.4,2,,,Boulder,,
2018-05-23,"Flux Boulder Classic",V4,"Really cool!",https://www.mountainproject.com/route/107277094/flux-boulder-classic,2,"West of CCC trail/Talus > East Rampart Bouldering > East Bluff Southeast > East Bluff Bouldering > Devil's Lake Bouldering > Devil's Lake > Wisconsin",3.8,3,,,Boulder,,
2018-05-23,"The Bottle",V4-,"Super wet and thus super spooky",https://www.mountainproject.com/route/111083845/the-bottle,1,"The Reserve > The Reserve > South Bluff Bouldering > Devil's Lake Bouldering > Devil's Lake > Wisconsin",3.1,-1,,,Boulder,,14
2018-05-23,"Flying Mancuso",V3,"Cool and cryptic!",https://www.mountainproject.com/route/106272557/flying-mancuso,1,"The Reserve > The Reserve > South Bluff Bouldering > Devil's Lake Bouldering > Devil's Lake > Wisconsin",3.4,4,,,Boulder,V4,
2018-05-23,"Tall Boy",V1,"Laps for days! A very good rock wrangle",https://www.mountainproject.com/route/106272552/tall-boy,10,"The Reserve > The Reserve > South Bluff Bouldering > Devil's Lake Bouldering > Devil's Lake > Wisconsin",3.1,4,,,Boulder,,
2018-05-23,"Pocket Problem",V2,"So hard",https://www.mountainproject.com/route/106272441/pocket-problem,1,"The Reserve > The Reserve > South Bluff Bouldering > Devil's Lake Bouldering > Devil's Lake > Wisconsin",2.7,2,,,Boulder,V3,
2018-05-23,Starfish,V6,"2 or 3 tries. Jump start was the crux",https://www.mountainproject.com/route/106272449/starfish,1,"The Reserve > The Reserve > South Bluff Bouldering > Devil's Lake Bouldering > Devil's Lake > Wisconsin",3.5,2,,,Boulder,,
2018-05-23,"Spread Eagle",V2-,,https://www.mountainproject.com/route/107863633/spread-eagle,1,"The Reserve > The Reserve > South Bluff Bouldering > Devil's Lake Bouldering > Devil's Lake > Wisconsin",2.6,-1,,,Boulder,,10
2018-05-23,Stairway,V0,,https://www.mountainproject.com/route/106272545/stairway,1,"The Reserve > The Reserve > South Bluff Bouldering > Devil's Lake Bouldering > Devil's Lake > Wisconsin",2.7,-1,,,Boulder,V0-,
2018-05-22,"Fat Pants",V7,"Stoked! About 2 tries!!",https://www.mountainproject.com/route/107309905/fat-pants,1,"East of CCC trail > East Rampart Bouldering > East Bluff Southeast > East Bluff Bouldering > Devil's Lake Bouldering > Devil's Lake > Wisconsin",3.7,4,,,Boulder,,
2018-05-22,Congratulations,5.10b,"Fun! Should lead.",https://www.mountainproject.com/route/105730472/congratulations,1,"05: Pedestal Buttress > East Bluff 04 - East Rampart > Devil's Lake > Wisconsin",3.7,-1,TR,,"Trad, TR",,60
2018-05-22,"The End","5.10a R",,https://www.mountainproject.com/route/105731114/the-end,1,"05: Pedestal Buttress > East Bluff 04 - East Rampart > Devil's Lake > Wisconsin",2.9,-1,TR,,"Trad, TR",,50
2018-05-22,"The Dog",5.12a,"Cool stuff! Just stayed on arete and climbed. So soft!",https://www.mountainproject.com/route/105731162/the-dog,1,"05: Pedestal Buttress > East Bluff 04 - East Rampart > Devil's Lake > Wisconsin",2.9,3,TR,,TR,5.11c,50
2018-05-22,"The Stretcher",5.9+,,https://www.mountainproject.com/route/105730724/the-stretcher,1,"05: Pedestal Buttress > East Bluff 04 - East Rampart > Devil's Lake > Wisconsin",3.3,-1,TR,,TR,,40
2018-05-22,"Brinton's Direct",5.8+,,https://www.mountainproject.com/route/105730868/brintons-direct,1,"07: Brinton's Buttress > East Bluff 04 - East Rampart > Devil's Lake > Wisconsin",3.5,-1,TR,,"Trad, TR",,90
2018-05-20,"The Flatiron",V4,"Sooo good! Onsight after walking by it many times. ",https://www.mountainproject.com/route/105730853/the-flatiron,3,"Flatiron/Monster/Guillotine > East Rampart Bouldering > East Bluff Southeast > East Bluff Bouldering > Devil's Lake Bouldering > Devil's Lake > Wisconsin",3.6,4,Lead,Onsight,Boulder,,10
2018-05-20,"Big Bud Arete",V2,"So fun!",https://www.mountainproject.com/route/106413750/big-bud-arete,2,"North Shore > East Bluff North > East Bluff Bouldering > Devil's Lake Bouldering > Devil's Lake > Wisconsin",3.9,4,,,Boulder,V1,
2018-05-17,"Seven Seas",5.11b,"1 fall",https://www.mountainproject.com/route/105946961/seven-seas,1,"1. Old Sandstone > East Bluff 01 - Sandstone Area > Devil's Lake > Wisconsin",2.7,1,TR,,TR,,40
2018-05-17,"Pacific Ocean Wall",5.11d,"Fun moves and pretty rock",https://www.mountainproject.com/route/105730541/pacific-ocean-wall,1,"1. Old Sandstone > East Bluff 01 - Sandstone Area > Devil's Lake > Wisconsin",3.8,4,TR,,TR,,
2018-05-17,"Dancing Madly Backwards","5.10b PG13","Really cool! Come back for the lead!!",https://www.mountainproject.com/route/105730235/dancing-madly-backwards,1,"1. Old Sandstone > East Bluff 01 - Sandstone Area > Devil's Lake > Wisconsin",3.6,4,TR,,"Trad, TR",,
2018-05-17,"Curving Crack",5.8,,https://www.mountainproject.com/route/105730238/curving-crack,1,"1. Old Sandstone > East Bluff 01 - Sandstone Area > Devil's Lake > Wisconsin",3.1,-1,TR,,"Trad, TR",,
2018-05-16,"Michael's Project",5.8-,"bailed from Kamikaze lol",https://www.mountainproject.com/route/105731009/michaels-project,1,"09: Many Pines Buttress > East Bluff 04 - East Rampart > Devil's Lake > Wisconsin",2.2,-1,Lead,Onsight,"Trad, TR",,70
2018-05-16,"Sometime Crack",5.10a,"Cool Pacman block",https://www.mountainproject.com/route/105730787/sometime-crack,1,"05: Pedestal Buttress > East Bluff 04 - East Rampart > Devil's Lake > Wisconsin",3.5,3,Lead,Onsight,"Trad, TR",,50
2018-05-16,"Upper Diagonal",5.9,"Very nice!",https://www.mountainproject.com/route/105730598/upper-diagonal,1,"05: Pedestal Buttress > East Bluff 04 - East Rampart > Devil's Lake > Wisconsin",3.8,4,Lead,Onsight,"Trad, TR",,
2018-05-16,"Birch Tree Crack",5.8,Hard!,https://www.mountainproject.com/route/105730781/birch-tree-crack,1,"05: Pedestal Buttress > East Bluff 04 - East Rampart > Devil's Lake > Wisconsin",3.2,-1,TR,,"Trad, TR",,50
2018-04-27,Freeblast,5.11,"Rapped after P5 (a scary pitch!). P1 and roof P2 were excellent!",https://www.mountainproject.com/route/105991737/freeblast,5,"Base Routes > El Capitan > Yosemite Valley > Yosemite National Park > California",3.5,-1,Lead,Fell/Hung,Trad,,
2018-04-26,Manana,5.10d,"Felt super hard!",https://www.mountainproject.com/route/106615858/manana,1,"Sentinel Creek Area > Yosemite Valley > Yosemite National Park > California",3.7,4,Lead,Onsight,Trad,,120
2018-04-26,Unagi,5.10b/c,,https://www.mountainproject.com/route/113352233/unagi,1,"Sentinel Creek Area > Yosemite Valley > Yosemite National Park > California",2.0,-1,TR,,Trad,,200
2018-04-26,"Yami Shami",5.11a/b,,https://www.mountainproject.com/route/113128448/yami-shami,1,"Sentinel Creek Area > Yosemite Valley > Yosemite National Park > California",2.7,1,Lead,Onsight,Sport,,50
2018-04-26,Hari-Kiri,5.10a,,https://www.mountainproject.com/route/106616004/hari-kiri,1,"Sentinel Creek Area > Yosemite Valley > Yosemite National Park > California",2.8,-1,TR,,Trad,,120
2018-04-26,Ying-Yang,5.10d,"Sooo good! Took a lap on TR",https://www.mountainproject.com/route/107201090/ying-yang,1,"Sentinel Creek Area > Yosemite Valley > Yosemite National Park > California",3.5,4,Lead,Onsight,Trad,,120
2018-04-25,Voyager,5.11c,"Swung leads up to P5, leading easy pitches. Fell only on last pitch!",https://www.mountainproject.com/route/109039598/voyager,7,"Fifi Buttress > Leaning Tower Area > Yosemite Valley > Yosemite National Park > California",3.7,4,Lead,Fell/Hung,Trad,,700
2018-04-23,"East Buttress","5.10c A0","50 classics variation. Overall not the best climbing... very fun face moves on the variation though!",https://www.mountainproject.com/route/105915125/east-buttress,9,"Middle Cathedral Rock > Cathedral Spires Area > Yosemite Valley > Yosemite National Park > California",3.6,2,Lead,Onsight,"Trad, Aid",,1100
2018-04-21,Unnamed,V0,,https://www.mountainproject.com/route/108170714/unnamed,1,"Angler Boulder > Curry Village > Yosemite Valley Bouldering > Yosemite Valley > Yosemite National Park > California",1.9,-1,,,Boulder,,10
2018-04-21,"Circuit Breaker","5.11b V2","Sent in a few tries, then took a bunch of tries to repeat. Super good! Walk uphill for an epic view!",https://www.mountainproject.com/route/105979654/circuit-breaker,1,"Circuit Breaker > Curry Village > Yosemite Valley Bouldering > Yosemite Valley > Yosemite National Park > California",3.7,4,,,"TR, Boulder",,20
2018-04-21,Zorro,V4,,https://www.mountainproject.com/route/106774200/zorro,1,"Zorro Boulder > Curry Village > Yosemite Valley Bouldering > Yosemite Valley > Yosemite National Park > California",3.3,2,,,Boulder,V3,12
2018-04-21,"The Angler",V3,,https://www.mountainproject.com/route/108200959/the-angler,1,"Angler Boulder > Curry Village > Yosemite Valley Bouldering > Yosemite Valley > Yosemite National Park > California",2.9,3,,,Boulder,,10
2018-04-20,"Catchy Corner",5.11a,"First lead in the valley! Gripped AF lol",https://www.mountainproject.com/route/105991865/catchy-corner,1,"The Cookie Cliff > e. Cookie Area > Lower Merced River Canyon > Yosemite National Park > California",3.9,-1,Lead,Onsight,Trad,,150
2018-04-20,Catchy,5.10d,,https://www.mountainproject.com/route/105939236/catchy,1,"The Cookie Cliff > e. Cookie Area > Lower Merced River Canyon > Yosemite National Park > California",3.5,-1,Follow,,Trad,,100
2018-04-20,Crack-a-Go-Go,"5.11c PG13","TROnsight! Amazing route, 11/10.",https://www.mountainproject.com/route/105872888/crack-a-go-go,1,"The Cookie Cliff > e. Cookie Area > Lower Merced River Canyon > Yosemite National Park > California",3.8,4,TR,,Trad,,105
2018-04-20,"Cookie Monster",5.12a,"1 fall",https://www.mountainproject.com/route/105992940/cookie-monster,1,"The Cookie Cliff > e. Cookie Area > Lower Merced River Canyon > Yosemite National Park > California",3.7,-1,Follow,,Sport,,
2018-04-20,"Outer Limits",5.10c,,https://www.mountainproject.com/route/105874465/outer-limits,1,"The Cookie Cliff > e. Cookie Area > Lower Merced River Canyon > Yosemite National Park > California",3.8,-1,Follow,,Trad,,190
2018-04-19,"The Jimmy Hendrix Experience",V0,,https://www.mountainproject.com/route/108211806/the-jimmy-hendrix-experience,1,"Bachar Cracker Boulder > Camp 4 Boulders > Yosemite Valley Bouldering > Yosemite Valley > Yosemite National Park > California",2.3,-1,,,Boulder,,10
2018-04-19,"Largo Lounge",V0-,,https://www.mountainproject.com/route/107590870/largo-lounge,1,"Bachar Cracker Boulder > Camp 4 Boulders > Yosemite Valley Bouldering > Yosemite Valley > Yosemite National Park > California",2.3,-1,,,Boulder,,15
2018-04-10,"Lightning Bolt Cracks",5.11-,"Takes on P1, fell following P2 (sandbagged). Long P3 is money!!",https://www.mountainproject.com/route/105717598/lightning-bolt-cracks,3,"North Six Shooter Peak > Indian Creek > Moab Area > Utah",3.9,4,Lead,Fell/Hung,Trad,5.11,
2018-04-09,"Brother From Another Planet",5.12a,"Took a couple flipper whippers!! Aided the lip... unable to do the lip moves on TR either...",https://www.mountainproject.com/route/106058396/brother-from-another-planet,1,"Fin Wall > Indian Creek > Moab Area > Utah",3.7,4,Lead,Fell/Hung,Trad,,90
2018-04-09,"Finnegan's Whiskers",5.10,,https://www.mountainproject.com/route/106909828/finnegans-whiskers,1,"Fin Wall > Indian Creek > Moab Area > Utah",2.9,3,TR,,Trad,,100
2018-04-09,"No Beggin'",5.9-,"Rope got stuck pullin it",https://www.mountainproject.com/route/105802002/no-beggin,1,"Fin Wall > Indian Creek > Moab Area > Utah",2.0,-1,TR,,Trad,,50
2018-04-06,"Big Guy",5.11-,"Clean on TR!!",https://www.mountainproject.com/route/105981715/big-guy,1,"Scarface > Indian Creek > Moab Area > Utah",3.9,-1,TR,,Trad,,120
2018-04-06,"Black Uhuru",5.10+,"So gooood!!",https://www.mountainproject.com/route/105718036/black-uhuru,1,"Scarface > Indian Creek > Moab Area > Utah",3.6,-1,TR,,Trad,,120
2018-04-06,"Desert Vuarnet",5.11+,"1st go: shitshow struggle bus (should&#39;ve warmed up).
2nd go: executed smoothly!",https://www.mountainproject.com/route/106037518/desert-vuarnet,1,"Scarface > Indian Creek > Moab Area > Utah",3.8,-1,Lead,Redpoint,Trad,,130
2018-04-05,"Lady Pillar",5.10-,,https://www.mountainproject.com/route/105718705/lady-pillar,1,"The Optimator > Indian Creek > Moab Area > Utah",2.6,-1,TR,,Trad,,110
2018-04-05,Neat,5.10,,https://www.mountainproject.com/route/105718657/neat,1,"The Optimator > Indian Creek > Moab Area > Utah",3.1,-1,TR,,Trad,,100
2018-04-05,Annunaki,5.11+,"Awesome! My perfect style. Went up three times (falling second time, sending others!!)",https://www.mountainproject.com/route/105718786/annunaki,1,"The Optimator > Indian Creek > Moab Area > Utah",3.8,4,Lead,Flash,Trad,5.11,50
2018-04-05,"Charlie's Pillar",5.8,,https://www.mountainproject.com/route/105718693/charlies-pillar,1,"The Optimator > Indian Creek > Moab Area > Utah",2.2,-1,TR,,Trad,,60
2018-04-05,Hayutake,"5.10+ PG13","Direct start (spooky! Take nuts)",https://www.mountainproject.com/route/105814371/hayutake,1,"The Optimator > Indian Creek > Moab Area > Utah",3.0,-1,Lead,Onsight,Trad,,120
2018-04-03,"Stolen Chimney","5.10 A0",,https://www.mountainproject.com/route/105717310/stolen-chimney,4,"Ancient Art > Fisher Towers > Moab Area > Utah",3.7,-1,Lead,Onsight,"Trad, Aid",,
2018-03-31,"Ruby Flame",5.11,"Crazy cool! Spooky flexing flake squished my fingers as I pinched it.",https://www.mountainproject.com/route/106056786/ruby-flame,1,"Critic's Choice > Indian Creek > Moab Area > Utah",2.8,4,TR,,Trad,,90
2018-03-31,"Incredible Hand Crack",5.10,,https://www.mountainproject.com/route/105717367/incredible-hand-crack,1,"Supercrack Buttress > Indian Creek > Moab Area > Utah",3.8,-1,Lead,Onsight,Trad,,100
2018-03-30,"Coyne Crack",5.11d,"Several falls...",https://www.mountainproject.com/route/105717343/coyne-crack,1,"Supercrack Buttress > Indian Creek > Moab Area > Utah",3.7,-1,TR,,Trad,,
2018-03-30,"International Affair",5.12,"Flailfest. Couldn&#39;t negotiate corner change at all",https://www.mountainproject.com/route/106017653/international-affair,1,"Supercrack Buttress > Indian Creek > Moab Area > Utah",3.1,-1,TR,,Trad,,50
2018-03-30,"Supercrack of the Desert",5.10,"Excellent cardio workout lol",https://www.mountainproject.com/route/105717364/supercrack-of-the-desert,1,"Supercrack Buttress > Indian Creek > Moab Area > Utah",3.8,4,TR,,Trad,,
2018-03-30,"Keyhole Flake",5.10,Clean,https://www.mountainproject.com/route/105717442/keyhole-flake,1,"Supercrack Buttress > Indian Creek > Moab Area > Utah",3.0,-1,TR,,Trad,,
2018-03-30,"The Wave",5.10+,"SO good!",https://www.mountainproject.com/route/105717529/the-wave,1,"Supercrack Buttress > Indian Creek > Moab Area > Utah",3.5,4,Lead,Onsight,Trad,,120
2018-03-29,"Desert Vuarnet",5.11+,"Clean TR!",https://www.mountainproject.com/route/106037518/desert-vuarnet,1,"Scarface > Indian Creek > Moab Area > Utah",3.8,-1,TR,,Trad,,130
2018-03-29,"Big Guy",5.11-,Flail,https://www.mountainproject.com/route/105981715/big-guy,1,"Scarface > Indian Creek > Moab Area > Utah",3.9,-1,TR,,Trad,,120
2018-03-29,"Fertile Crescent",5.9,,https://www.mountainproject.com/route/106058069/fertile-crescent,1,"Scarface > Indian Creek > Moab Area > Utah",2.4,-1,Lead,Onsight,Trad,,80
2018-03-27,"Layaway Plan",5.11+,"2 takes. #1 walked back AND rope snagged in a #2. Fucked my rope sheaf and I had to get rescued...",https://www.mountainproject.com/route/105718432/layaway-plan,1,"Way Rambo > Indian Creek > Moab Area > Utah",3.7,4,Lead,Fell/Hung,Trad,,100
2018-03-27,"Serrator Crack",5.11-,"Flailed. First time leavittating though!",https://www.mountainproject.com/route/105800700/serrator-crack,1,"Way Rambo > Indian Creek > Moab Area > Utah",3.5,-1,Follow,,Trad,,70
2018-03-27,Rochambeau,5.9,"Facey! Potential all-passive lead candidate, if you&#39;re into that.",https://www.mountainproject.com/route/105718441/rochambeau,1,"Way Rambo > Indian Creek > Moab Area > Utah",2.5,-1,Lead,Onsight,Trad,,70
2018-03-27,Fuzz,"5.10 PG13","Excellent! Mellow middle.",https://www.mountainproject.com/route/105718768/fuzz,1,"Way Rambo > Indian Creek > Moab Area > Utah",3.2,-1,Lead,Onsight,Trad,,115
2018-03-27,"The Inhabitants",5.11,Flailed!,https://www.mountainproject.com/route/105718774/the-inhabitants,1,"Way Rambo > Indian Creek > Moab Area > Utah",3.0,-1,TR,,Trad,,70
2018-03-26,"Unnamed blocky corner to hands splitter",5.10,"Really good!",https://www.mountainproject.com/route/105718528/unnamed-blocky-corner-to-hands-splitter,1,"2nd Meat Wall > Indian Creek > Moab Area > Utah",2.1,3,Lead,Onsight,Trad,,130
2018-03-26,"Cube Steaks",5.10,Facey!,https://www.mountainproject.com/route/105718525/cube-steaks,1,"2nd Meat Wall > Indian Creek > Moab Area > Utah",2.7,-1,Lead,Onsight,Trad,,110
2018-03-26,"Meat Machine",5.11-,"1 fall, 1 take",https://www.mountainproject.com/route/105718531/meat-machine,1,"2nd Meat Wall > Indian Creek > Moab Area > Utah",2.2,-1,Lead,Fell/Hung,Trad,,50
2018-03-20,"Cat Arete",V1,,https://www.mountainproject.com/route/106602585/cat-arete,1,"Cat Rock > Central Park > New York City > New York",2.6,3,,,Boulder,,15
2018-03-20,"Cat Crack",V0,,https://www.mountainproject.com/route/111141106/cat-crack,1,"Cat Rock > Central Park > New York City > New York",1.9,2,,,Boulder,,15
2018-03-20,"cats corner",V0-,,https://www.mountainproject.com/route/107323863/cats-corner,1,"Cat Rock > Central Park > New York City > New York",1.6,1,,,Boulder,V0-,
2018-03-20,"Rat Rock Traverse",V0+,,https://www.mountainproject.com/route/114259481/rat-rock-traverse,1,"Rat Rock > Central Park > New York City > New York",2.8,2,,,Boulder,,20
2018-03-20,"The flake",V0-1,"Lots of interesting variations! Took a grounder onto no pads :0",https://www.mountainproject.com/route/106971393/the-flake,3,"Rat Rock > Central Park > New York City > New York",2.6,3,,,Boulder,,12
2018-03-20,"The Horn",V0-,,https://www.mountainproject.com/route/113698869/the-horn,1,"Rat Rock > Central Park > New York City > New York",1.8,1,,,Boulder,,12
2018-03-17,"Tango Super Direct","5.10a PG13",,https://www.mountainproject.com/route/106164181/tango-super-direct,1,"d. Tango Wall > Ralph Stover State Park (High Rocks) > Southeastern Lowlands > Pennsylvania",1.5,2,TR,,Trad,,70
2018-03-17,"Nameless ArÃªte",5.10a,,https://www.mountainproject.com/route/106892083/nameless-arete,1,"o. Chain Reaction Buttress > Ralph Stover State Park (High Rocks) > Southeastern Lowlands > Pennsylvania",1.9,1,TR,,"Sport, TR",,35
2018-03-17,"Chain Reaction","5.10a X",,https://www.mountainproject.com/route/106384643/chain-reaction,1,"o. Chain Reaction Buttress > Ralph Stover State Park (High Rocks) > Southeastern Lowlands > Pennsylvania",2.4,1,TR,,"Trad, TR","5.10a X",75
2018-03-17,"Beautiful Loser","5.10a R",,https://www.mountainproject.com/route/106384727/beautiful-loser,1,"o. Chain Reaction Buttress > Ralph Stover State Park (High Rocks) > Southeastern Lowlands > Pennsylvania",2.4,1,TR,,"Trad, TR",,75
2018-03-17,"Called on Account of Pain",5.11+,,https://www.mountainproject.com/route/106489004/called-on-account-of-pain,1,"q. Phone Booth > Ralph Stover State Park (High Rocks) > Southeastern Lowlands > Pennsylvania",2.6,1,,,TR,5.11-,
2018-03-17,"Phone Booth",5.10a,,https://www.mountainproject.com/route/106489007/phone-booth,1,"q. Phone Booth > Ralph Stover State Park (High Rocks) > Southeastern Lowlands > Pennsylvania",2.8,1,TR,,TR,,45
2018-03-14,"Great White",V6,,https://www.mountainproject.com/route/110100932/great-white,1,"Man Size > Right Fork > Joe's Valley > Utah",3.6,4,,,Boulder,,10
2018-03-14,"The Comedian","V5 PG13",,https://www.mountainproject.com/route/107538336/the-comedian,1,"Man Size > Right Fork > Joe's Valley > Utah",3.1,3,,,Boulder,,15
2018-03-14,Michelangelo,"V3 R","Pretty not secure!",https://www.mountainproject.com/route/106309689/michelangelo,1,"Man Size > Right Fork > Joe's Valley > Utah",3.7,4,,,Boulder,,20
2018-03-14,"Ankle Deep in Gasoline",V2,"Pretty secure!",https://www.mountainproject.com/route/109128082/ankle-deep-in-gasoline,1,"Man Size > Right Fork > Joe's Valley > Utah",2.9,3,,,Boulder,,20
2018-03-13,"The Down Climb","V0 R","Upclimbed and downclimbed in tennies at night. So dumb 10/10 would do again",https://www.mountainproject.com/route/106721049/the-down-climb,1,"Man Size > Right Fork > Joe's Valley > Utah",2.5,4,,,Boulder,"V0 R",25
2018-03-13,"Wills A Fire",V6,,https://www.mountainproject.com/route/105880494/wills-a-fire,1,"Right Sign Area > Left Fork > Joe's Valley > Utah",3.9,4,,,Boulder,,
2018-03-13,"The Crest",V2,,https://www.mountainproject.com/route/107185342/the-crest,1,"Mine cart area > Left Fork > Joe's Valley > Utah",2.0,3,,,Boulder,,10
2018-03-13,"The Wave",V3,,https://www.mountainproject.com/route/107185331/the-wave,1,"Mine cart area > Left Fork > Joe's Valley > Utah",2.6,1,,,Boulder,V2,12
2018-03-12,"Bowling Ball",V4,"Cool holds; dumb route",https://www.mountainproject.com/route/105904242/bowling-ball,1,"Buoux Area > Right Fork > Joe's Valley > Utah",3.4,1,,,Boulder,,12
2018-03-12,"The Coaster",V7-,"I could span the reach, so it was pretty chill.",https://www.mountainproject.com/route/107923836/the-coaster,1,"Dairy Canyon > Right Fork > Joe's Valley > Utah",2.9,1,,,Boulder,V5,15
2018-03-12,"DK's Bulge",V1,,https://www.mountainproject.com/route/107923858/dks-bulge,1,"Dairy Canyon > Right Fork > Joe's Valley > Utah",2.3,-1,,,Boulder,,15
2018-03-12,Trouff,V4,,https://www.mountainproject.com/route/111218888/trouff,1,"Dairy Canyon > Right Fork > Joe's Valley > Utah",3.0,-1,,,Boulder,,14
2018-03-12,"Cook the Patty",V6,"Direct finish",https://www.mountainproject.com/route/107924870/cook-the-patty,2,"Dairy Canyon > Right Fork > Joe's Valley > Utah",3.3,2,Lead,Onsight,Boulder,,12
2018-03-12,"Hand Crack",V2,"Contrived to resist just standing up into the good jams.",https://www.mountainproject.com/route/106148465/hand-crack,1,"Crack Boulder > Left Fork > Joe's Valley > Utah",2.7,1,,,Boulder,,20
2018-03-12,"Beer Belly",V3,,https://www.mountainproject.com/route/106148416/beer-belly,1,"Crack Boulder > Left Fork > Joe's Valley > Utah",2.5,3,,,Boulder,,
2018-03-12,Lanky,V3,Reachy!,https://www.mountainproject.com/route/106148394/lanky,1,"Crack Boulder > Left Fork > Joe's Valley > Utah",2.7,2,,,Boulder,,
2018-03-12,"Fist Crack",V0+,,https://www.mountainproject.com/route/106148408/fist-crack,1,"Crack Boulder > Left Fork > Joe's Valley > Utah",2.9,3,,,Boulder,V0,
2018-03-11,"Kill by Numbers",V5,,https://www.mountainproject.com/route/107185361/kill-by-numbers,1,"Mine cart area > Left Fork > Joe's Valley > Utah",3.7,3,,,Boulder,V4,8
2018-03-11,"Bobcat in the Kiparoo",V4,,https://www.mountainproject.com/route/107503043/bobcat-in-the-kiparoo,1,"Big Joe > Left Fork > Joe's Valley > Utah",2.9,3,,,Boulder,,
2018-03-11,"Kelly's Arete",V5,,https://www.mountainproject.com/route/105938362/kellys-arete,1,"Riverside Boulders > Left Fork > Joe's Valley > Utah",3.0,3,,,Boulder,,15
2018-03-09,"Steve's Wimpout",5.10d,"1 fall",https://www.mountainproject.com/route/105895512/steves-wimpout,1,"Pistol Whipped > Indian Creek > Moab Area > Utah",2.1,-1,Lead,Fell/Hung,Trad,,50
2018-03-09,"Spaghetti Western",5.11,"Got destroyed! Wrong gear, many falls. So pumped it took literally five tries to clip a #3...",https://www.mountainproject.com/route/105717472/spaghetti-western,1,"Pistol Whipped > Indian Creek > Moab Area > Utah",3.9,4,Lead,Fell/Hung,Trad,,
2018-03-09,"Jolly Rancher",5.10,"Soooo pumpy!",https://www.mountainproject.com/route/105717571/jolly-rancher,1,"Pistol Whipped > Indian Creek > Moab Area > Utah",3.9,4,Lead,Onsight,Trad,,
2018-03-08,Airwolf,V6,Epic.,https://www.mountainproject.com/route/114109154/airwolf,3,"Sparks Wall > Indian Creek > Moab Area > Utah",4.0,4,Lead,Flash,"Sport, Boulder",,20
2018-03-06,"Cave Route",5.10d,"3+ falls. My left arm was so sore!",https://www.mountainproject.com/route/105717361/cave-route,1,"Battle of the Bulge Buttress > Indian Creek > Moab Area > Utah",3.4,3,Lead,Fell/Hung,Trad,,
2018-03-06,"Ruins Crack",5.11,"1 fall",https://www.mountainproject.com/route/105718270/ruins-crack,1,"Battle of the Bulge Buttress > Indian Creek > Moab Area > Utah",2.7,2,Lead,Fell/Hung,Trad,,70
2018-03-06,"Railroad Tracks",5.10,,https://www.mountainproject.com/route/105821587/railroad-tracks,1,"Battle of the Bulge Buttress > Indian Creek > Moab Area > Utah",2.4,2,Lead,Onsight,Trad,,75
2018-03-03,"Water Paintings",V7,"Took forever to repeat! Still so hard a year later.",https://www.mountainproject.com/route/109691183/water-paintings,1,"ALL Area > Right Fork > Joe's Valley > Utah",3.9,4,,,Boulder,,10
2018-03-03,"Low Tide",V6,"Onsight flash! Amazing rock, position, movement!",https://www.mountainproject.com/route/105880763/low-tide,1,"Riverside Boulders > Left Fork > Joe's Valley > Utah",3.8,4,Lead,Onsight,Boulder,V6,
2018-03-03,"Don't Leave Too Soon",V3,Sandy,https://www.mountainproject.com/route/107610002/dont-leave-too-soon,1,"Riverside Boulders > Left Fork > Joe's Valley > Utah",3.2,2,,,Boulder,,15
2018-03-03,"The Angler",V2,,https://www.mountainproject.com/route/105880426/the-angler,1,"Riverside Boulders > Left Fork > Joe's Valley > Utah",3.6,3,,,Boulder,,15
2018-02-26,"Bachar Problem",V7,,https://www.mountainproject.com/route/114370905/bachar-problem,2,"Peruvian Flake Boulder > Willow Springs Boulders > * Red Rock Bouldering > Red Rock > Southern Nevada > Nevada",3.0,3,Lead,Redpoint,Boulder,V7,15
2018-02-26,"Peruvian Flake",V2,,https://www.mountainproject.com/route/108340253/peruvian-flake,1,"Peruvian Flake Boulder > Willow Springs Boulders > * Red Rock Bouldering > Red Rock > Southern Nevada > Nevada",3.1,3,Lead,Redpoint,Boulder,,15
2018-02-26,"Brown Round Crack",V3,,https://www.mountainproject.com/route/107158760/brown-round-crack,1,"Big Brown Boulder > Willow Springs Boulders > * Red Rock Bouldering > Red Rock > Southern Nevada > Nevada",3.0,1,Lead,Redpoint,Boulder,,13
2018-02-21,"Rabbit's Arete",5.10d,,https://www.mountainproject.com/route/107336787/rabbits-arete,1,"Southeast Buttress > Mescalito > 10-Pine Creek Canyon > Red Rock > Southern Nevada > Nevada",2.1,1,Lead,Onsight,Trad,,80
2018-02-21,"Cat in the Hat",5.6,"three 60 meter pitches made it pretty fun",https://www.mountainproject.com/route/105732419/cat-in-the-hat,3,"Southeast Buttress > Mescalito > 10-Pine Creek Canyon > Red Rock > Southern Nevada > Nevada",3.1,2,Lead,Onsight,Trad,,650
2018-02-20,"Mr Choad's Wild Ride",5.11b,"Only memorable route at this wall.",https://www.mountainproject.com/route/106375205/mr-choads-wild-ride,1,"Sunny and Steep > Kraft Mountain area > 01-Calico Basin > Red Rock > Southern Nevada > Nevada",3.6,4,Lead,Flash,Sport,,105
2018-02-20,"Gimme Back My Bullets",5.12a,,https://www.mountainproject.com/route/105916629/gimme-back-my-bullets,1,"Sunny and Steep > Kraft Mountain area > 01-Calico Basin > Red Rock > Southern Nevada > Nevada",3.3,-1,Lead,Flash,Sport,,50
2018-02-20,"Steep Thrills",5.12a,,https://www.mountainproject.com/route/105732686/steep-thrills,1,"Sunny and Steep > Kraft Mountain area > 01-Calico Basin > Red Rock > Southern Nevada > Nevada",3.3,-1,Lead,Flash,Sport,,
2018-02-20,"Sunny and Steep",5.11d,,https://www.mountainproject.com/route/105891002/sunny-and-steep,1,"Sunny and Steep > Kraft Mountain area > 01-Calico Basin > Red Rock > Southern Nevada > Nevada",3.4,-1,Lead,Flash,Sport,,50
2018-02-20,"Sport Chimney",5.8,,https://www.mountainproject.com/route/106516267/sport-chimney,1,"Sunny and Steep > Kraft Mountain area > 01-Calico Basin > Red Rock > Southern Nevada > Nevada",2.5,-1,Lead,Flash,Sport,,70
2018-02-20,Scorpions,5.11a,,https://www.mountainproject.com/route/105949670/scorpions,1,"Sunny and Steep > Kraft Mountain area > 01-Calico Basin > Red Rock > Southern Nevada > Nevada",2.9,-1,Lead,Flash,Sport,,50
2018-02-20,"Claimjumpers Special",5.10c,,https://www.mountainproject.com/route/106601301/claimjumpers-special,1,"Sunny and Steep > Kraft Mountain area > 01-Calico Basin > Red Rock > Southern Nevada > Nevada",2.6,-1,Lead,Flash,Sport,,75
2018-02-17,"The Prophet",5.12b,"2 burns",https://www.mountainproject.com/route/106421490/the-prophet,1,"Alternative Crag > 01-Calico Basin > Red Rock > Southern Nevada > Nevada",3.6,4,Lead,Redpoint,Sport,,65
2018-02-17,Paralyzed,5.11b,,https://www.mountainproject.com/route/106421508/paralyzed,1,"Alternative Crag > 01-Calico Basin > Red Rock > Southern Nevada > Nevada",3.2,3,Lead,Onsight,Sport,,50
2018-02-15,"Loose Lady",5.10a,,https://www.mountainproject.com/route/105722050/loose-lady,1,"Houser Buttress > Houser Buttress Area > Real Hidden Valley Vicinity > Real Hidden Valley > Joshua Tree National Park > California",3.2,-1,Lead,Onsight,Trad,5.9,90
2018-02-15,"The Chube",V2,,https://www.mountainproject.com/route/105724441/the-chube,1,"Chube Boulder > Gunsmoke Area > Barker Dam Bouldering > *Joshua Tree Bouldering* > Joshua Tree National Park > California",3.3,3,Lead,Flash,Boulder,V1,15
2018-02-15,Gunsmoke,V3,,https://www.mountainproject.com/route/105722350/gunsmoke,1,"Gunsmoke Wall > Gunsmoke Area > Barker Dam Bouldering > *Joshua Tree Bouldering* > Joshua Tree National Park > California",3.6,3,Lead,Flash,Boulder,,80
2018-02-15,"Room To Shroom",5.9,,https://www.mountainproject.com/route/105722842/room-to-shroom,1,"Room To Shroom Area > Barker Dam Area > Joshua Tree National Park > California",3.2,4,Lead,Onsight,Trad,,80
2018-02-15,"Figures on a Landscape (aka Monkey on My Back)","5.10b R","Best route I&#39;ve ever done.",https://www.mountainproject.com/route/105721816/figures-on-a-landscape-aka-monkey-on-my-back,2,"North Astro Dome - Northeast Face > North Astro Dome > The Astro Domes > West Wonderland Valley > Wonderland Valley > Wonderland South > Wonderland of Rocks > Joshua Tree National Park > California",3.9,4,Lead,Onsight,Trad,,250
2018-02-14,"Pope's Crack",5.9,"Fell lol",https://www.mountainproject.com/route/105722188/popes-crack,1,"Echo Rock - South Face > Echo Rock > Echo Rock Area > Joshua Tree National Park > California",3.2,3,Follow,,Trad,,70
2018-02-14,EBGB's,5.10d,"STUPID good route. Holy cow...",https://www.mountainproject.com/route/105722197/ebgbs,1,"EBGB Block Area > Echo Rock > Echo Rock Area > Joshua Tree National Park > California",3.8,4,Lead,Onsight,Trad,,50
2018-02-14,"Stick to What","5.9 R",,https://www.mountainproject.com/route/105721672/stick-to-what,1,"Echo Rock - West Face > Echo Rock > Echo Rock Area > Joshua Tree National Park > California",2.0,1,Follow,,Trad,,70
2018-02-14,"Heart and Sole",5.10a,,https://www.mountainproject.com/route/105721666/heart-and-sole,1,"Echo Rock - West Face > Echo Rock > Echo Rock Area > Joshua Tree National Park > California",3.4,2,Lead,Onsight,Trad,,70
2018-02-14,"Forbidden Paradise",5.10b,,https://www.mountainproject.com/route/105721678/forbidden-paradise,1,"Echo Rock - West Face > Echo Rock > Echo Rock Area > Joshua Tree National Park > California",2.7,1,Follow,,Trad,,70
2018-02-14,"Stichter Quits",5.7,"Okay climbing. Excellent obvious feature.",https://www.mountainproject.com/route/105721660/stichter-quits,1,"Echo Rock - West Face > Echo Rock > Echo Rock Area > Joshua Tree National Park > California",2.7,2,Lead,Onsight,Trad,,115
2018-02-13,"False Up 20",V0-,"Spooktown, USA",https://www.mountainproject.com/route/105725461/false-up-20,1,"False Up 20 Boulder > JBMF Boulders > Roadside Rocks Bouldering > *Joshua Tree Bouldering* > Joshua Tree National Park > California",3.4,4,Lead,Flash,Boulder,,20
2018-02-09,"Surrealistic Pillar",5.10b/c,,https://www.mountainproject.com/route/105796868/surrealistic-pillar,1,"The Blob - East Face > The Blob > Hidden Valley Campground > Joshua Tree National Park > California",3.0,3,Lead,Onsight,Trad,,110
2018-02-09,"Imaginary Voyage",5.10d,"&#34;I was so freak&#39;n glad you didn&#39;t flip upside down in there!&#34; -- my partner",https://www.mountainproject.com/route/105722548/imaginary-voyage,1,"Imaginary Voyage Formation > Lost Horse Area > Joshua Tree National Park > California",3.8,4,Lead,Flash,Trad,,80
2018-02-09,"Alf's Arete",5.11a,,https://www.mountainproject.com/route/105722749/alfs-arete,1,"IRS Wall > Lost Horse Area > Joshua Tree National Park > California",3.4,4,Lead,Redpoint,Sport,,80
2018-02-08,"Tumbling Rainbow",5.9,"Meh climbing. Great position.",https://www.mountainproject.com/route/105723109/tumbling-rainbow,1,"Tumbling Rainbow Formation > Real Hidden Valley > Joshua Tree National Park > California",2.6,1,Lead,Onsight,Trad,,70
2018-02-08,"Run For Your Life","5.10b R","Really easy, but slightly inobvious down low. I took gear, but felt really silly...",https://www.mountainproject.com/route/105722344/run-for-your-life,1,"Tumbling Rainbow Formation > Real Hidden Valley > Joshua Tree National Park > California",3.6,4,Lead,Onsight,Trad,5.10b,90
2018-02-08,"Illusion Dweller",5.10b,,https://www.mountainproject.com/route/105722065/illusion-dweller,1,"The Sentinel - West Face > The Sentinel > Real Hidden Valley > Joshua Tree National Park > California",3.8,3,Lead,Onsight,Trad,5.10a,100
2018-02-06,"North Overhang",5.9,"Dope blind reach move",https://www.mountainproject.com/route/105721651/north-overhang,2,"Intersection Rock > Hidden Valley Campground > Joshua Tree National Park > California",2.9,3,Lead,Onsight,Trad,,100
2018-02-06,"White Rastafarian","V2 R",Amazing.,https://www.mountainproject.com/route/105722593/white-rastafarian,1,"White Rastafarian Boulder > Outback Bouldering > *Joshua Tree Bouldering* > Joshua Tree National Park > California",3.9,4,Lead,Flash,Boulder,,20
2018-02-06,"False Hueco Traverse",V2,,https://www.mountainproject.com/route/106048290/false-hueco-traverse,1,"False Hueco Boulder > Outback Bouldering > *Joshua Tree Bouldering* > Joshua Tree National Park > California",2.9,1,Lead,Flash,Boulder,,15
2018-02-06,"False Hueco",V1,,https://www.mountainproject.com/route/106048286/false-hueco,1,"False Hueco Boulder > Outback Bouldering > *Joshua Tree Bouldering* > Joshua Tree National Park > California",2.6,1,Lead,Flash,Boulder,,11
2018-02-06,"Old Triangle Classic",V0+,Tricky,https://www.mountainproject.com/route/106041356/old-triangle-classic,2,"Triangle Boulder > HVCG West > HVCG Bouldering Circuit > Hidden Valley Campground Bouldering > *Joshua Tree Bouldering* > Joshua Tree National Park > California",2.4,2,Lead,Redpoint,Boulder,,15
2018-02-06,"Dynamo Hum",V1,,https://www.mountainproject.com/route/105725293/dynamo-hum,2,"Triangle Boulder > HVCG West > HVCG Bouldering Circuit > Hidden Valley Campground Bouldering > *Joshua Tree Bouldering* > Joshua Tree National Park > California",2.7,4,Lead,Redpoint,Boulder,,20
2018-02-05,"Right On","5.6 PG13","Spooky AF",https://www.mountainproject.com/route/105721810/right-on,3,"Saddle Rocks - Skirt  (West Face) > Saddle Rocks - Skirt > Saddle Rocks > Saddle Rocks Area > Sheep Pass Area > Joshua Tree National Park > California",3.1,2,Lead,Onsight,Trad,,350
2018-02-05,"Walk on the Wild Side",5.8,,https://www.mountainproject.com/route/105721828/walk-on-the-wild-side,2,"Saddle Rocks - Skirt  (West Face) > Saddle Rocks - Skirt > Saddle Rocks > Saddle Rocks Area > Sheep Pass Area > Joshua Tree National Park > California",3.1,3,Lead,Onsight,Trad,,250
2018-02-05,It,5.9+,,https://www.mountainproject.com/route/105879786/it,1,"East Wall Inner (Exorcist Area) > Hall of Horrors > Hall of Horrors Area > Sheep Pass Area > Joshua Tree National Park > California",2.4,1,Follow,,Trad,,100
2018-02-05,Exorcist,5.10a,,https://www.mountainproject.com/route/105721831/exorcist,1,"East Wall Inner (Exorcist Area) > Hall of Horrors > Hall of Horrors Area > Sheep Pass Area > Joshua Tree National Park > California",3.5,3,Lead,Flash,Trad,,60
2018-02-04,"Hobbit Hole Offwidth",V0,,https://www.mountainproject.com/route/106072721/hobbit-hole-offwidth,1,"Hobbit Hole Boulder > Outback Bouldering > *Joshua Tree Bouldering* > Joshua Tree National Park > California",3.0,3,Lead,Flash,Boulder,,12
2018-02-03,"SW Corner",5.6,,https://www.mountainproject.com/route/105721747/sw-corner,1,"Headstone Rock > Ryan Campground > Sheep Pass Area > Joshua Tree National Park > California",3.3,-1,Lead,Onsight,Trad,,50
2018-02-03,Fisticuffs,5.10b,,https://www.mountainproject.com/route/105724495/fisticuffs,1,"Tumbling Rainbow Formation > Real Hidden Valley > Joshua Tree National Park > California",2.9,-1,Lead,Onsight,Trad,,30
2018-02-01,"Clean and Jerk",5.10c,"TRed earlier. Psyched AF to lead",https://www.mountainproject.com/route/105721792/clean-and-jerk,1,"Sports Challenge Rock - East Face > Sports Challenge Rock > Real Hidden Valley > Joshua Tree National Park > California",3.7,4,Lead,Redpoint,Trad,,80
2018-02-01,"Championship Wrestling",5.9,,https://www.mountainproject.com/route/105721819/championship-wrestling,1,"Sports Challenge Rock - East Face > Sports Challenge Rock > Real Hidden Valley > Joshua Tree National Park > California",2.7,-1,Follow,,Trad,,50
2018-02-01,Dogleg,5.8+,,https://www.mountainproject.com/route/105722170/dogleg,1,"The Old Woman - West Face > The Old Woman > Hidden Valley Campground > Joshua Tree National Park > California",2.8,-1,Follow,,Trad,,80
2018-02-01,"Double Cross",5.7+,,https://www.mountainproject.com/route/105721615/double-cross,1,"The Old Woman - West Face > The Old Woman > Hidden Valley Campground > Joshua Tree National Park > California",3.4,-1,Lead,Onsight,Trad,,95
2018-01-31,"White Lightning",5.7,,https://www.mountainproject.com/route/105721969/white-lightning,1,"Hemingway Buttress (East Face Left) > Hemingway Buttress > Lost Horse Area > Joshua Tree National Park > California",3.0,-1,Lead,Flash,Trad,,120
2018-01-31,Overseer,5.9,"Wimped out of the direct start",https://www.mountainproject.com/route/105722227/overseer,1,"Hemingway Buttress (East Face Left) > Hemingway Buttress > Lost Horse Area > Joshua Tree National Park > California",3.1,-1,Lead,Onsight,Trad,,120
2018-01-31,"Dappled Mare",5.8,"Finished a bit off route",https://www.mountainproject.com/route/105722305/dappled-mare,3,"Lost Horse Wall - Right Side > Lost Horse Wall > Lost Horse Area > Joshua Tree National Park > California",3.3,-1,Lead,Onsight,Trad,,300
2018-01-30,"Sail Away",5.8-,,https://www.mountainproject.com/route/105722179/sail-away,1,"Hidden Tower > Real Hidden Valley > Joshua Tree National Park > California",3.5,-1,Lead,Onsight,Trad,,60
2018-01-28,"Tax Man",5.10a,,https://www.mountainproject.com/route/105722743/tax-man,1,"IRS Wall > Lost Horse Area > Joshua Tree National Park > California",3.5,4,Lead,Onsight,Trad,,100
2018-01-28,"Dung Fu",5.7,,https://www.mountainproject.com/route/105721972/dung-fu,1,"Hemingway Buttress (East Face Left) > Hemingway Buttress > Lost Horse Area > Joshua Tree National Park > California",2.5,-1,Lead,Onsight,Trad,,120
2018-01-27,"Ass of Dog",5.9,,https://www.mountainproject.com/route/105859242/ass-of-dog,1,"Echo Cove - South Face > Echo Cove > Echo Rock Area > Joshua Tree National Park > California",1.8,-1,,,Trad,,50
2018-01-27,"Eff Four",5.6,,https://www.mountainproject.com/route/105721675/eff-four,1,"Echo Rock - West Face > Echo Rock > Echo Rock Area > Joshua Tree National Park > California",1.6,-1,Lead,Onsight,Trad,,120
2018-01-27,"Swing Low",5.7,,https://www.mountainproject.com/route/105724909/swing-low,1,"Echo Cove - North Side > Echo Cove > Echo Rock Area > Joshua Tree National Park > California",2.1,-1,Lead,Onsight,Sport,,60
2018-01-27,"Touch and Go",5.9,,https://www.mountainproject.com/route/105722359/touch-and-go,1,"Touch and Go Face > Echo Rock Area > Joshua Tree National Park > California",3.5,-1,Lead,Onsight,Trad,,70
2018-01-08,Incredarete,V1,,https://www.mountainproject.com/route/107947503/incredarete,1,"Stone Fort (aka Little Rock City) > Tennessee",3.3,-1,,,Boulder,,
2018-01-08,"A Face in the Crowd",V7,,https://www.mountainproject.com/route/111848102/a-face-in-the-crowd,1,"Stone Fort (aka Little Rock City) > Tennessee",3.1,3,,,Boulder,V5,12
2018-01-08,"The Wave",V6,,https://www.mountainproject.com/route/106032561/the-wave,1,"Stone Fort (aka Little Rock City) > Tennessee",3.9,-1,,,Boulder,,
2018-01-08,Swingers,V3-4,,https://www.mountainproject.com/route/106981186/swingers,1,"Stone Fort (aka Little Rock City) > Tennessee",3.5,-1,,,Boulder,,10
2018-01-08,"Tennessee Thong",V7,,https://www.mountainproject.com/route/107950727/tennessee-thong,1,"Stone Fort (aka Little Rock City) > Tennessee",3.8,-1,,,Boulder,,
2018-01-04,"Honkey Tonkin'",V4,,https://www.mountainproject.com/route/107947627/honkey-tonkin,1,"Temp HP40 > Alabama",3.8,4,,,Boulder,,
2018-01-04,Popeye,V5,,https://www.mountainproject.com/route/106329212/popeye,1,"Ten Pins Area > Horse Pens 40 > Alabama",3.4,1,Lead,Redpoint,Boulder,,10
2018-01-03,"Red Arrow",V3-4,,https://www.mountainproject.com/route/106094872/red-arrow,1,"Temp HP40 > Alabama",3.5,-1,,,Boulder,,
2018-01-03,"Groove 2",V0,,https://www.mountainproject.com/route/112419836/groove-2,1,"Flat Roof Boulder > Horse Pens 40 > Alabama",2.0,-1,,,Boulder,,
2018-01-03,Crisifix,V4,,https://www.mountainproject.com/route/111547316/crisifix,1,"Flat Roof Boulder > Horse Pens 40 > Alabama",2.9,-1,,,Boulder,,10
2018-01-03,Silky,V0,,https://www.mountainproject.com/route/106890318/silky,1,"Ten Pins Area > Horse Pens 40 > Alabama",2.7,-1,,,Boulder,,
2018-01-03,"The Beach",V4,,https://www.mountainproject.com/route/106302788/the-beach,1,"Ten Pins Area > Horse Pens 40 > Alabama",2.9,2,,,Boulder,,
2018-01-03,Sandbox,V2+,,https://www.mountainproject.com/route/106274116/sandbox,1,"Ten Pins Area > Horse Pens 40 > Alabama",2.7,4,,,Boulder,,10
2018-01-02,Hammerhead,V5,,https://www.mountainproject.com/route/106286713/hammerhead,1,"Deck Area/Front Slabs > Horse Pens 40 > Alabama",3.5,-1,,,Boulder,,
2017-12-31,"Lab Rats",V6,,https://www.mountainproject.com/route/107950360/lab-rats,1,"Lab Rats Boulder > Rocktown > Georgia",3.6,4,Lead,Flash,Boulder,,
2017-12-31,"Grape Ape","V4 PG13",,https://www.mountainproject.com/route/108063793/grape-ape,1,"Grape Ape > Rocktown > Georgia",3.7,4,Lead,Onsight,Boulder,,
2017-12-31,"Jaber Jaw","V5 PG13",,https://www.mountainproject.com/route/115137522/jaber-jaw,1,"Grape Ape > Rocktown > Georgia",4.0,4,,,Boulder,"V5 PG13",25
2017-12-31,"Red Belly",V4,,https://www.mountainproject.com/route/108063800/red-belly,1,"Grape Ape > Rocktown > Georgia",2.5,2,,,Boulder,,
2017-12-29,"The Yoga Move",V4,,https://www.mountainproject.com/route/110075677/the-yoga-move,1,"Sherman Roof > Rocktown > Georgia",2.3,-1,,,Boulder,,10
2017-12-29,Blue,V6-,,https://www.mountainproject.com/route/107045917/blue,1,"Asphalt Boulders > Rocktown > Georgia",3.5,4,,,Boulder,,12
2017-12-29,"Iron Claw",V7,,https://www.mountainproject.com/route/107322015/iron-claw,1,"Asphalt Boulders > Rocktown > Georgia",3.9,-1,,,Boulder,,
2017-12-29,"Pasty Faced Weirdos",V4,,https://www.mountainproject.com/route/113878767/pasty-faced-weirdos,1,"The Front Corridor > Rocktown > Georgia",2.5,3,,,Boulder,,15
2017-12-28,"The Hobbit",V5,,https://www.mountainproject.com/route/106617889/the-hobbit,1,"Back Street Boulders > Rocktown > Georgia",3.7,-1,,,Boulder,,
2017-12-28,"Full Circle",V5,,https://www.mountainproject.com/route/106617901/full-circle,1,"Back Street Boulders > Rocktown > Georgia",3.7,-1,,,Boulder,,
2017-12-28,"The Scoop",V3,,https://www.mountainproject.com/route/106036764/the-scoop,1,"Back Street Boulders > Rocktown > Georgia",3.4,-1,,,Boulder,,7
2017-12-28,"The Helicopter",V6-,,https://www.mountainproject.com/route/106338739/the-helicopter,1,"Helicopter Area > Rocktown > Georgia",3.0,-1,,,Boulder,,
2017-12-28,Contrail,V5,,https://www.mountainproject.com/route/110052543/contrail,1,"The Comet Boulder > Rocktown > Georgia",2.8,-1,,,Boulder,,15
2017-12-28,"The Standard",V3,,https://www.mountainproject.com/route/106948499/the-standard,1,"The Comet Boulder > Rocktown > Georgia",2.9,-1,,,Boulder,,
